{"cameraMode":{"drawMode":0,"name":"Shaded","section":"Shading Mode"},"sceneLighting":false,"audioPlay":false,"sceneViewState":{"m_AlwaysRefresh":false,"showFog":true,"showSkybox":false,"showFlares":true,"showImageEffects":true,"showParticleSystems":true,"showVisualEffectGraphs":true,"m_FxEnabled":true},"in2DMode":false,"pivot":{"x":31.662460327148439,"y":2.4581687450408937,"z":-7.348636150360107},"rotation":{"x":0.021127691492438318,"y":-0.8896775841712952,"z":0.45504269003868105,"w":0.03964882344007492},"size":5.533583164215088,"orthographic":false}