{"cameraMode":{"drawMode":0,"name":"Shaded","section":"Shading Mode"},"sceneLighting":true,"audioPlay":false,"sceneViewState":{"m_AlwaysRefresh":false,"showFog":true,"showSkybox":true,"showFlares":true,"showImageEffects":true,"showParticleSystems":true,"showVisualEffectGraphs":true,"m_FxEnabled":true},"in2DMode":false,"pivot":{"x":-5.096956729888916,"y":10.041641235351563,"z":-11.855727195739746},"rotation":{"x":0.024542422965168954,"y":-0.901198148727417,"z":0.4306394159793854,"w":0.049696408212184909},"size":8.031148910522461,"orthographic":false}