{"cameraMode":{"drawMode":0,"name":"Shaded","section":"Shading Mode"},"sceneLighting":true,"audioPlay":false,"sceneViewState":{"m_AlwaysRefresh":false,"showFog":true,"showSkybox":true,"showFlares":true,"showImageEffects":true,"showParticleSystems":true,"showVisualEffectGraphs":true,"m_FxEnabled":true},"in2DMode":false,"pivot":{"x":-13.430421829223633,"y":38.33536911010742,"z":-11.688773155212403},"rotation":{"x":0.03809167817234993,"y":0.9626014232635498,"z":-0.20687714219093324,"w":0.17421790957450868},"size":10.920249938964844,"orthographic":false}